{"stat.useItem.minecraft.bow":14,"stat.walkOneCm":305402,"stat.playerKills":1,"achievement.openInventory":20,"stat.leaveGame":2,"stat.damageTaken":61838,"stat.flyOneCm":16223,"stat.deaths":13,"stat.useItem.minecraft.end_stone":62,"stat.jump":154,"stat.playOneMinute":63641,"stat.fallOneCm":14409,"stat.useItem.minecraft.planks":36,"stat.useItem.minecraft.wooden_sword":9,"stat.damageDealt":645,"stat.crouchOneCm":8267,"stat.timeSinceDeath":7048,"stat.useItem.minecraft.stained_hardened_clay":64,"stat.sprintOneCm":134470,"achievement.exploreAllBiomes":{"value":0,"progress":["Beach","Jungle","Ice Plains","Ocean","River","Plains"]}}