{"stat.useItem.minecraft.bow":14,"stat.walkOneCm":327099,"stat.playerKills":1,"achievement.openInventory":20,"stat.leaveGame":6,"stat.damageTaken":62497,"stat.flyOneCm":17341,"stat.deaths":15,"stat.useItem.minecraft.end_stone":62,"stat.jump":163,"stat.playOneMinute":98822,"stat.fallOneCm":15295,"stat.useItem.minecraft.planks":36,"stat.useItem.minecraft.wooden_sword":9,"stat.damageDealt":645,"stat.crouchOneCm":8267,"stat.timeSinceDeath":17125,"stat.useItem.minecraft.stained_hardened_clay":64,"stat.sprintOneCm":138936,"achievement.exploreAllBiomes":{"value":0,"progress":["Beach","Jungle","Ice Plains","Ocean","River","Plains"]}}