{"stat.useItem.minecraft.bow":14,"stat.walkOneCm":289907,"stat.playerKills":1,"achievement.openInventory":20,"stat.leaveGame":1,"stat.damageTaken":61818,"stat.flyOneCm":14199,"stat.deaths":13,"stat.useItem.minecraft.end_stone":62,"stat.jump":131,"stat.playOneMinute":60223,"stat.fallOneCm":13925,"stat.useItem.minecraft.planks":36,"stat.useItem.minecraft.wooden_sword":9,"stat.damageDealt":645,"stat.crouchOneCm":8267,"stat.timeSinceDeath":3630,"stat.useItem.minecraft.stained_hardened_clay":64,"stat.sprintOneCm":130387,"achievement.exploreAllBiomes":{"value":0,"progress":["Beach","Jungle","Ice Plains","Ocean","River","Plains"]}}