{"stat.chestOpened":4,"stat.walkOneCm":700250,"stat.playerKills":8,"stat.leaveGame":21,"stat.useItem.minecraft.diamond_sword":5,"stat.useItem.minecraft.potion":6,"stat.jump":550,"stat.fallOneCm":45867,"stat.crouchOneCm":17949,"stat.mineBlock.minecraft.wool":6,"stat.enderchestOpened":1,"stat.mineBlock.minecraft.stained_hardened_clay":4,"stat.sprintOneCm":283081,"achievement.exploreAllBiomes":{"value":0,"progress":["Beach","Mesa","Jungle","Ice Plains","Ocean","River","Plains","Extreme Hills","Deep Ocean"]},"achievement.openInventory":25,"stat.useItem.minecraft.iron_sword":31,"stat.damageTaken":10590,"stat.useItem.minecraft.wooden_pickaxe":4,"stat.flyOneCm":126524,"stat.deaths":1,"stat.drop":1,"stat.playOneMinute":218364,"stat.mineBlock.minecraft.end_stone":6,"stat.damageDealt":2707,"stat.useItem.minecraft.wool":274,"stat.timeSinceDeath":36629,"stat.useItem.minecraft.iron_pickaxe":6}