{"stat.chestOpened":4,"stat.walkOneCm":823338,"stat.playerKills":9,"stat.leaveGame":25,"stat.useItem.minecraft.diamond_sword":5,"stat.useItem.minecraft.potion":7,"stat.jump":617,"stat.fallOneCm":48246,"stat.crouchOneCm":26321,"stat.mineBlock.minecraft.wool":7,"stat.enderchestOpened":1,"stat.mineBlock.minecraft.stained_hardened_clay":4,"stat.sprintOneCm":325896,"achievement.exploreAllBiomes":{"value":0,"progress":["Beach","Mesa","Jungle","Ice Plains","Ocean","River","Plains","Extreme Hills","Deep Ocean"]},"achievement.openInventory":38,"stat.useItem.minecraft.iron_sword":40,"stat.damageTaken":10590,"stat.useItem.minecraft.wooden_pickaxe":4,"stat.flyOneCm":145041,"stat.deaths":1,"stat.drop":1,"stat.playOneMinute":258093,"stat.mineBlock.minecraft.end_stone":6,"stat.damageDealt":3267,"stat.useItem.minecraft.wool":366,"stat.timeSinceDeath":76358,"stat.useItem.minecraft.iron_pickaxe":6}