{"stat.walkOneCm":565474,"stat.useItem.minecraft.stone":22,"stat.pigOneCm":4834,"stat.useItem.minecraft.pumpkin":6,"stat.leaveGame":34,"stat.useItem.minecraft.cobblestone":1,"stat.useItem.minecraft.skull":67,"stat.useItem.minecraft.heavy_weighted_pressure_plate":3,"stat.mineBlock.minecraft.stained_glass":66,"stat.jump":1415,"stat.fallOneCm":45018,"stat.useItem.minecraft.redstone_block":15,"stat.useItem.minecraft.sea_lantern":10,"stat.crouchOneCm":5080,"stat.useItem.minecraft.coal_ore":8,"stat.sprintOneCm":251982,"stat.useItem.minecraft.light_weighted_pressure_plate":1,"achievement.exploreAllBiomes":{"value":0,"progress":["Birch Forest","Roofed Forest","Plains","Beach","Extreme Hills+","Jungle","River","Ocean","Forest","JungleHills","Taiga","Desert","Extreme Hills"]},"stat.useItem.minecraft.stone_stairs":1,"stat.useItem.minecraft.glass":9,"stat.useItem.minecraft.dark_oak_door":7,"stat.useItem.minecraft.stone_slab":2,"achievement.openInventory":22,"stat.useItem.minecraft.flint_and_steel":5,"stat.damageTaken":30430,"stat.useItem.minecraft.hopper":13,"stat.useItem.minecraft.stonebrick":7,"stat.flyOneCm":525447,"stat.deaths":3,"stat.drop":6,"stat.playOneMinute":257715,"stat.damageDealt":30,"stat.timeSinceDeath":1651,"stat.hopperInspected":1,"stat.useItem.minecraft.sign":8,"stat.useItem.minecraft.crafting_table":1,"stat.useItem.minecraft.fishing_rod":76}